{"cameraMode":{"drawMode":0,"name":"Shaded","section":"Shading Mode"},"sceneLighting":true,"audioPlay":false,"sceneViewState":{"m_AlwaysRefresh":false,"showFog":true,"showSkybox":true,"showFlares":true,"showImageEffects":true,"showParticleSystems":true,"showVisualEffectGraphs":true,"m_FxEnabled":true},"in2DMode":false,"pivot":{"x":4.889030933380127,"y":9.206727027893067,"z":-12.063608169555664},"rotation":{"x":0.16487354040145875,"y":0.16427136957645417,"z":-0.02786141075193882,"w":0.9721406698226929},"size":4.137538909912109,"orthographic":true}